[
  {
    "id": "ad8df821-8465-46ae-aef2-8d9dcb3c3611",
    "data": [
      {
        "text": "\n  When do you close ?",
        "userDefined": false
      }
    ],
    "isTemplate": false,
    "count": 0
  },
  {
    "id": "38128770-e67e-4c38-b950-771cb76ade53",
    "data": [
      {
        "text": "Are you open ",
        "userDefined": false
      },
      {
        "text": "today",
        "alias": "date",
        "meta": "@sys.date",
        "userDefined": false
      },
      {
        "text": " ?",
        "userDefined": false
      }
    ],
    "isTemplate": false,
    "count": 0
  },
  {
    "id": "38d3dd03-b98f-4ff2-b7a8-8d8eae262d36",
    "data": [
      {
        "text": " Are you open right now ?",
        "userDefined": false
      }
    ],
    "isTemplate": false,
    "count": 0
  },
  {
    "id": "a4437bf5-df26-4e84-8b7c-41bbef4b103a",
    "data": [
      {
        "text": "What time do you open ?",
        "userDefined": false
      }
    ],
    "isTemplate": false,
    "count": 0
  }
]