[
  {
    "id": "fe79db0a-727f-492f-bd33-0fc8a15d8561",
    "data": [
      {
        "text": "I want to order a ",
        "userDefined": false
      },
      {
        "text": "large",
        "alias": "size",
        "meta": "@size",
        "userDefined": true
      },
      {
        "text": " pizza",
        "userDefined": false
      }
    ],
    "isTemplate": false,
    "count": 0
  },
  {
    "id": "64a1e5cf-34ca-4b27-af91-4543b05b811a",
    "data": [
      {
        "text": "I want a ",
        "userDefined": false
      },
      {
        "text": "chicken",
        "alias": "pizza_topping",
        "meta": "@pizza_topping",
        "userDefined": true
      },
      {
        "text": " pizza",
        "userDefined": false
      }
    ],
    "isTemplate": false,
    "count": 0
  },
  {
    "id": "37d45b86-cc0a-4861-af63-c90d01efa86b",
    "data": [
      {
        "text": "I\u0027d like to order a pizza for pickup ",
        "userDefined": false
      },
      {
        "text": "in 1 hour",
        "alias": "time",
        "meta": "@sys.time",
        "userDefined": false
      }
    ],
    "isTemplate": false,
    "count": 0
  },
  {
    "id": "4ee132d1-5e01-4af3-a73d-8c22994f0f14",
    "data": [
      {
        "text": "I want a pizza with ",
        "userDefined": false
      },
      {
        "text": "pepper",
        "alias": "pizza_topping",
        "meta": "@pizza_topping",
        "userDefined": true
      },
      {
        "text": " and ",
        "userDefined": false
      },
      {
        "text": "mushroom",
        "alias": "pizza_topping",
        "meta": "@pizza_topping",
        "userDefined": true
      }
    ],
    "isTemplate": false,
    "count": 0
  },
  {
    "id": "b0ddb050-f542-4d47-acd3-dc8ac4c0a928",
    "data": [
      {
        "text": "I\u0027d like a ",
        "userDefined": false
      },
      {
        "text": "small",
        "alias": "size",
        "meta": "@size",
        "userDefined": true
      },
      {
        "text": " pizza with ",
        "userDefined": false
      },
      {
        "text": "mushrooms",
        "alias": "pizza_topping",
        "meta": "@pizza_topping",
        "userDefined": true
      }
    ],
    "isTemplate": false,
    "count": 0
  },
  {
    "id": "b6e300bc-eac1-4b99-8e2a-3ea622293f8a",
    "data": [
      {
        "text": "I want to order a ",
        "userDefined": false
      },
      {
        "text": "small",
        "alias": "size",
        "meta": "@size",
        "userDefined": true
      },
      {
        "text": " pizza with ",
        "userDefined": false
      },
      {
        "text": "chicken",
        "alias": "pizza_topping",
        "meta": "@pizza_topping",
        "userDefined": true
      },
      {
        "text": " only",
        "userDefined": false
      }
    ],
    "isTemplate": false,
    "count": 0
  },
  {
    "id": "4e4c8989-62dc-4f2f-9a63-166aedd6183f",
    "data": [
      {
        "text": "I want to order a ",
        "userDefined": false
      },
      {
        "text": "cheese",
        "alias": "pizza_topping",
        "meta": "@pizza_topping",
        "userDefined": true
      },
      {
        "text": " pizza for ",
        "userDefined": false
      },
      {
        "text": "1 PM",
        "alias": "time",
        "meta": "@sys.time",
        "userDefined": false
      },
      {
        "text": " ",
        "userDefined": false
      },
      {
        "text": "tomorrow",
        "alias": "date",
        "meta": "@sys.date",
        "userDefined": false
      }
    ],
    "isTemplate": false,
    "count": 0
  },
  {
    "id": "7b06de50-21a6-4eb4-ab28-f22b0f595d82",
    "data": [
      {
        "text": "can I order a cheese pizza for pickup ",
        "userDefined": false
      },
      {
        "text": "today",
        "alias": "date",
        "meta": "@sys.date",
        "userDefined": false
      },
      {
        "text": " ",
        "userDefined": false
      },
      {
        "text": "at noon",
        "alias": "time",
        "meta": "@sys.time",
        "userDefined": false
      },
      {
        "text": " ?",
        "userDefined": false
      }
    ],
    "isTemplate": false,
    "count": 0
  }
]