[
  {
    "id": "c4f98cbb-97e6-4e4e-ae03-0d5901b47220",
    "data": [
      {
        "text": "tell me about ",
        "userDefined": false
      },
      {
        "text": "discipline",
        "alias": "lookup",
        "meta": "@Topic",
        "userDefined": true
      }
    ],
    "isTemplate": false,
    "count": 0
  },
  {
    "id": "68df1510-52de-4d68-b632-2707df9a59e6",
    "data": [
      {
        "text": "I need to know about ",
        "userDefined": false
      },
      {
        "text": "discipline",
        "alias": "lookup",
        "meta": "@Topic",
        "userDefined": true
      }
    ],
    "isTemplate": false,
    "count": 0
  },
  {
    "id": "1dbbce22-e0cc-49b2-bf8a-c0f97bc3a759",
    "data": [
      {
        "text": "what are ",
        "userDefined": false
      },
      {
        "text": "hours of work",
        "alias": "lookup",
        "meta": "@Topic",
        "userDefined": true
      },
      {
        "text": " ?",
        "userDefined": false
      }
    ],
    "isTemplate": false,
    "count": 0
  },
  {
    "id": "74255f12-8986-430d-a880-45b0a94a3ff9",
    "data": [
      {
        "text": "tell me about ",
        "userDefined": false
      },
      {
        "text": "annual salary",
        "alias": "lookup",
        "meta": "@Topic",
        "userDefined": true
      }
    ],
    "isTemplate": false,
    "count": 0
  },
  {
    "id": "14e1f484-350a-4f24-80e2-c68326660828",
    "data": [
      {
        "text": "can you look up ",
        "userDefined": false
      },
      {
        "text": "discipline",
        "alias": "lookup",
        "meta": "@Topic",
        "userDefined": true
      },
      {
        "text": " ?",
        "userDefined": false
      }
    ],
    "isTemplate": false,
    "count": 0
  },
  {
    "id": "ba30895d-e661-442f-92d6-562fd29420bf",
    "data": [
      {
        "text": "where can I find out about ",
        "userDefined": false
      },
      {
        "text": "discipline",
        "alias": "lookup",
        "meta": "@Topic",
        "userDefined": true
      },
      {
        "text": " ?",
        "userDefined": false
      }
    ],
    "isTemplate": false,
    "count": 1
  },
  {
    "id": "5e725309-78b8-47e9-bf06-cc0f13ecad2c",
    "data": [
      {
        "text": "what is ",
        "userDefined": false
      },
      {
        "text": "discipline",
        "alias": "lookup",
        "meta": "@Topic",
        "userDefined": true
      },
      {
        "text": " ?",
        "userDefined": false
      }
    ],
    "isTemplate": false,
    "count": 0
  },
  {
    "id": "c85b02c3-1092-462f-b3ab-fd83f930898d",
    "data": [
      {
        "text": "I want to know about ",
        "userDefined": false
      },
      {
        "text": "discipline",
        "alias": "lookup",
        "meta": "@Topic",
        "userDefined": true
      }
    ],
    "isTemplate": false,
    "count": 0
  },
  {
    "id": "7983753e-3ab0-4535-b35d-26e0702a49a5",
    "data": [
      {
        "text": "I woud like to know about ",
        "userDefined": false
      },
      {
        "text": "discipline",
        "alias": "lookup",
        "meta": "@Topic",
        "userDefined": true
      }
    ],
    "isTemplate": false,
    "count": 0
  }
]